K,WCSSD-Mean,WCSSD-Std-Dev,Purity,NMI
2,3186.86842869,9.09494701773e-13,0.110963740082,0.193108168496
3,3123.62897863,3.72201392365,0.123141628068,0.178796925292
4,3116.42041602,3.9841676729,0.13128004277,0.168275310461
5,3083.0100861,11.1302539753,0.173243638881,0.211536985121
6,3051.27590449,8.14375011045,0.2049593199,0.237125885951
7,3036.89678738,8.76020649305,0.180493978848,0.203249168945
8,3010.31270927,9.3751244469,0.216025145881,0.229754263029
9,2985.03643341,28.3462055532,0.213668059187,0.221684127041
10,2984.38287646,25.0269099714,0.209305124222,0.217148253457
11,2956.22706294,13.9068130076,0.221032488612,0.221847373856
12,2950.86792867,10.9411357959,0.22789494135,0.221990726051
13,2924.88287262,13.0461251234,0.226759167323,0.220059519445
14,2928.74765343,36.7243466966,0.242256355391,0.236706718813
15,2916.24386413,33.9257891397,0.232755819196,0.21682146329
16,2908.6939317,34.0799944239,0.230719864319,0.213676406706
17,2882.54427779,18.0884695102,0.243353621574,0.223676214902
18,2865.01849035,10.2507534778,0.246378718293,0.219133469152
19,2866.0310321,47.773443164,0.253152649354,0.221522524089
20,2863.02197973,38.8817113138,0.237870042297,0.208973165916
21,2851.73632261,46.4383577282,0.249541265042,0.26308617599
22,2870.469103,60.5220732406,0.25808371052,0.271087251861
23,2835.64557303,52.4137418807,0.253207288648,0.250129923134
24,2829.74258759,57.2364469856,0.261213737202,0.25109496942
25,2860.77269386,69.2251049896,0.261604071106,0.265470964937
26,2868.09876288,68.2188410362,0.249983613131,0.247086583137
27,2808.00551307,61.698812349,0.268174341417,0.249901006216
28,2841.97278439,71.7414593466,0.26378493042,0.260233656582
29,2870.22875894,58.1218990149,0.260517735336,0.260516763759
30,2859.8926112,68.6049753183,0.263056502306,0.25956812852
31,2825.82434674,72.9170693653,0.27084139612,0.259024449594
32,2812.25612731,68.0358492515,0.262543158922,0.252683823803
33,2792.61029603,82.3926150241,0.260900080578,0.25492378891
34,2778.60143034,82.5089765596,0.268977604629,0.26906876676
35,2839.92850448,80.0775938631,0.267016053383,0.256463945622
36,2830.85098602,73.0792651133,0.262800831141,0.276733935002
37,2812.08852095,86.4595530225,0.267571491438,0.27582792384
38,2851.74306308,23.2647166256,0.241407739635,0.262399281225
39,2813.02986502,63.5961688679,0.279183913648,0.264242371653
40,2827.33177609,74.1129353382,0.27094730667,0.25087590749
41,2830.46813098,79.4504739179,0.272105194004,0.247920978871
42,2844.41648858,61.6834556139,0.268456696656,0.247442983588
43,2819.65730618,53.8045254539,0.2852456451,0.260442894492
44,2833.95347048,32.1638822082,0.258637961685,0.256533389387
45,2773.09896225,79.742952897,0.270342750226,0.268119752722
46,2816.32501357,65.3302978638,0.276409745614,0.253503057999
47,2798.39819638,83.7432202851,0.290159485489,0.247428226671
48,2796.47337305,68.6213322817,0.28163685965,0.260522288236
49,2817.48026297,28.3714621937,0.257039063348,0.267809652533
50,2798.93999699,57.2366499929,0.27799659067,0.263340634637
51,2814.11602591,30.5385848197,0.266761953549,0.262719527157
52,2783.53859939,63.0827050137,0.284087463386,0.262547430012
53,2786.45074016,37.7691025292,0.270026583699,0.258994080328
54,2790.63257525,35.5701920493,0.262966905486,0.247152045421
55,2767.95850998,64.3057656518,0.27190113731,0.25674081728
56,2779.368389,21.3535346231,0.257150461355,0.247891510769
57,2764.57642769,21.2760650786,0.260577488867,0.253194161773
58,2767.28083347,29.0022385253,0.271756872931,0.250305508595
59,2762.94939114,24.523873072,0.261189260522,0.253067371933
60,2759.56291792,30.5677499258,0.266874569924,0.253431640529
61,2751.39227677,53.1561494476,0.270266547065,0.251137513035
62,2717.81644846,73.0262515505,0.286724835651,0.254189507172
63,2740.76474538,31.3808197351,0.28259404843,0.257918392628
64,2764.86381729,28.9401002197,0.275122633087,0.253089753817
65,2752.27123434,27.8017289331,0.273723016839,0.256535748579
66,2749.007866,18.6921994829,0.270008180897,0.260130080245
67,2736.29251821,34.4866854903,0.284386856175,0.265003952932
68,2749.534193,21.8361059229,0.278634514811,0.260320036681
69,2743.65467334,32.812864217,0.274841677956,0.261325024832
70,2722.39104061,27.2631587363,0.282719582903,0.256268778179
71,2716.04882918,45.0833538705,0.286266337498,0.252369294402
72,2715.95394121,74.8156922086,0.309318928041,0.256113751467
73,2720.60261621,32.2451437673,0.279590625085,0.258322908187
74,2724.81014072,34.7501243078,0.289131070963,0.255839836178
75,2688.11909272,73.5802289529,0.312114350236,0.245824878366
76,2723.4157334,41.6076797127,0.283461399614,0.249913235143
77,2701.08904639,25.4106243521,0.292777339767,0.255527092458
78,2726.39133046,26.4411384596,0.274305192809,0.260626839291
79,2704.4800209,22.7684973886,0.293892694472,0.255111396769
80,2693.93858465,24.2146363141,0.286524726905,0.256279638044
81,2694.08088392,23.2148743012,0.291398735166,0.252212148881
82,2688.27152935,26.4057756604,0.289106313849,0.257248971454
83,2674.36652827,36.2602591243,0.287242122571,0.25488902157
84,2689.62399143,29.4876555024,0.290531829841,0.251452497493
85,2682.69721472,27.4540872885,0.286288741823,0.264945856113
86,2687.83476619,21.528776054,0.281307643323,0.251442223668
87,2673.23789557,35.2837585648,0.296574273425,0.255727063362
88,2674.10470067,26.9825353676,0.278943325658,0.266482697203
89,2660.96550103,32.3839220345,0.293470722303,0.250565719023
90,2671.20565885,30.1014847059,0.29487942306,0.250347625155
91,2672.61353539,29.7903951286,0.29295077394,0.24779958014
92,2682.72534513,23.3535790173,0.292582542034,0.256521843929
93,2670.83026595,27.2185018162,0.292220335494,0.250975179716
94,2654.93400611,57.3494974498,0.300426374817,0.256132607287
95,2662.27603415,28.7605418766,0.296762155787,0.256458535575
96,2670.59392663,14.6902765149,0.292727841525,0.259268362777
97,2657.37980855,23.7487643215,0.293065429211,0.252224622728
98,2656.79428121,19.6338301377,0.296175285076,0.259573791353
99,2654.81983618,21.8702788861,0.299940833858,0.252052636228
100,2639.49253956,27.9767087262,0.299075630588,0.249601386184
101,2639.23535733,21.6093684898,0.298344018023,0.253065768518
102,2645.53874248,23.3487244996,0.293288929555,0.255240869802
103,2638.96604552,13.5307820905,0.298027131434,0.25512776445
104,2648.27822805,21.0644243436,0.302713929466,0.262744329629
105,2635.10817399,50.2493213375,0.300368206343,0.251122557731
106,2651.85380279,26.7137566979,0.303480612095,0.252073144801
107,2641.94508438,29.71378815,0.297539666998,0.256970516759
108,2632.11024733,33.6113484648,0.300188529937,0.256779067224
109,2630.54791358,24.0995014344,0.309150348316,0.250769041729
110,2625.83764183,28.0306372103,0.300990284646,0.256615023396
111,2625.14365666,31.4821030116,0.305842500188,0.259299558836
112,2642.85073976,25.4358656262,0.297709114656,0.257604226343
113,2626.33115144,16.4134086756,0.304166455148,0.254673779295
114,2623.14276836,26.059014966,0.302985893817,0.253995828063
115,2626.47947569,29.5506060017,0.305666660456,0.264719347819
116,2605.2061072,22.2234408011,0.308500398319,0.25087876967
117,2610.3596492,20.3844683866,0.305088046902,0.258495412719
118,2602.98034686,25.6791241044,0.310725397265,0.252484477571
119,2603.08253577,27.5262256359,0.303587445676,0.255417943867
120,2606.22432652,21.8609401908,0.298684675992,0.253519195476
121,2603.33121581,33.7456916174,0.304049216068,0.250625168443
122,2600.46441198,29.5520857118,0.310152125199,0.256449318586
123,2613.89261442,29.4013572952,0.308540134887,0.255897478037
124,2602.22416167,29.6830401005,0.317795664874,0.253412768473
125,2600.99510761,17.94096171,0.308383065661,0.255502053684
126,2584.24320516,25.0346963995,0.303058738835,0.252578628883
127,2597.74587589,31.2527665308,0.31211353305,0.255106985317
128,2588.00211501,29.0555705406,0.305668859831,0.247149755183
129,2580.33895762,20.1099351242,0.30689299512,0.254924171368
130,2581.10570118,24.3070998586,0.311050963489,0.254776712861
131,2590.06945979,28.2499904587,0.310185855046,0.255778015889
132,2586.79338132,26.3217775464,0.315247803298,0.255252192739
133,2585.43415241,23.6043066386,0.314925323972,0.252432503795
134,2577.92287737,33.8084867279,0.310198745992,0.255213996366
135,2565.57477581,26.6026768525,0.312026674197,0.254586426635
136,2573.64973314,20.1991225445,0.31613660614,0.255903412558
137,2566.44626758,24.8460695922,0.31573365406,0.254830163093
138,2566.80673794,26.3144168795,0.312130576322,0.253862235721
139,2567.35885326,20.1740295897,0.315766454554,0.253780279007
140,2565.50233172,18.4132812534,0.312607513306,0.248584476752
141,2570.04687061,32.9957978948,0.316505024861,0.25252937965
142,2570.13078081,28.176776674,0.31343172131,0.258504538299
143,2565.19332491,33.1604320638,0.314518615978,0.25552517759
144,2561.30030909,16.1529970936,0.314402282989,0.252364651584
145,2566.80920684,23.781383175,0.321674274555,0.251356241099
146,2547.45599597,21.2121633343,0.316270810838,0.251663027323
147,2559.00805126,30.7312360168,0.316743645761,0.255516936155
148,2538.19380723,23.2824055119,0.317783197018,0.261470079973
149,2539.46618151,24.4767166364,0.318906117259,0.262405875301
150,2536.90221919,20.8394941196,0.319908909122,0.253882172124
151,2545.54679006,19.9657458348,0.319783150015,0.251204853638
152,2530.82766935,24.996430757,0.318478688616,0.251537011333
153,2536.22081651,25.590143396,0.320006927112,0.256517020182
154,2541.17765851,25.6145036044,0.325652969416,0.248608194178
155,2534.01206976,25.5547873605,0.31442691222,0.251572552074
156,2527.55622528,44.3108753319,0.322407097936,0.258372647616
157,2518.18924117,21.6094439997,0.322872315658,0.249220233534
158,2522.77348112,17.7551154507,0.322995271648,0.256713171193
159,2521.71532716,26.3501481929,0.329371349378,0.258764388519
160,2524.90422409,19.3532438275,0.325154905902,0.256294924358
161,2513.42736604,30.4635161684,0.322542492486,0.249626641325
162,2513.88062951,30.1151355936,0.324951682075,0.257535677711
163,2512.98994227,26.0691505551,0.322579334766,0.257731637619
164,2523.98963429,19.5632511949,0.322045889237,0.253479354751
165,2520.71973442,27.6870502169,0.320454508379,0.254390365526
166,2511.04550696,29.4544875348,0.323806783712,0.251205043045
167,2505.43468251,20.5538369871,0.330010496688,0.251160643434
168,2506.45668726,23.6378725649,0.329502628638,0.251344817862
169,2508.50314218,25.8215928966,0.323437622157,0.249794643005
170,2513.79208052,28.4565115292,0.327635090932,0.254244419698
171,2507.11511685,23.4291059239,0.328008732015,0.258736254363
172,2502.72536259,20.4749651145,0.322176998375,0.257062213162
173,2498.66294582,25.9769372787,0.334729384231,0.258979921695
174,2499.37764563,32.1139289551,0.328690154947,0.253920470739
175,2498.21689283,25.5109521018,0.32840863948,0.257849570078
176,2493.19430622,23.2758991885,0.341374741227,0.251616251061
177,2506.59061535,21.4465586495,0.336531140003,0.262512241867
178,2490.74006034,34.660601114,0.334451599983,0.255823485325
179,2498.91763001,25.9400863884,0.342396178514,0.257138834052
180,2489.93164266,24.831532044,0.339311189829,0.254900101988
181,2492.7602099,24.1845201542,0.331177610537,0.253926843993
182,2482.28955263,28.756048263,0.33303404555,0.254435858624
183,2484.63610478,21.5440473147,0.3347983568,0.254924923374
184,2491.77394538,29.8872474392,0.335485593711,0.253812773116
185,2485.25148166,26.5676448539,0.325169900215,0.251342353203
186,2485.18394792,39.377974342,0.335079760326,0.256262746116
187,2479.61683736,28.2018975576,0.335048452706,0.255402904348
188,2482.29636984,22.8810068701,0.333645426638,0.255284985221
189,2477.22214954,21.8920159356,0.33732343059,0.254009527622
190,2469.19994104,20.0804156744,0.340617078053,0.256844725195
191,2467.80238961,21.3414027346,0.346008669594,0.258358431974
192,2463.96293002,20.6280175621,0.334609071582,0.255126738837
193,2477.75629046,31.4845012807,0.337931326627,0.252838097016
194,2473.21259768,24.796188893,0.336443901696,0.257746942709
195,2466.510273,27.1445452648,0.336490556569,0.253768120422
196,2454.38407831,21.9783914605,0.335594387377,0.252185696491
197,2460.61651365,23.9967859021,0.343462448498,0.263738732419
198,2465.61747808,31.4375650001,0.343187608081,0.255349099317
199,2455.90613295,20.7126748772,0.340820184326,0.257943980136
200,2459.29264699,21.6058409414,0.344749276489,0.259366139108
201,2450.12841987,23.7090852348,0.344774412937,0.259182448878
202,2459.3503184,25.9172969147,0.33896947321,0.252068373916
203,2447.42755483,17.3831512144,0.347482923724,0.25888904214
204,2451.2686806,27.9103441197,0.338930043881,0.25980392337
205,2448.50362358,16.9515838455,0.34107266071,0.257418304474
206,2446.63280205,22.0838140323,0.348572522873,0.251689270176
207,2449.29908024,18.538274116,0.345869132466,0.252196517736
208,2448.68025774,20.2599800413,0.347293652275,0.255912600862
209,2437.94642979,19.5941782026,0.341448581478,0.256632919841
210,2429.36032679,17.5822103351,0.345340059885,0.256115847733
211,2450.29259695,29.0816686781,0.341163113504,0.257397257468
212,2444.58090037,28.0510116313,0.345531745988,0.260339464725
213,2443.11712401,18.8692670234,0.34347195671,0.255960107817
214,2434.25362921,19.1394005205,0.344527031501,0.258791983105
215,2434.79171881,16.9922120122,0.34735691754,0.251353279538
216,2428.83349812,21.5992165297,0.347091949796,0.251619566552
217,2435.92516109,23.3217536143,0.343387468366,0.258412947913
218,2433.39748341,13.7769485582,0.338778982154,0.25874533082
219,2419.67170325,23.9943395639,0.356447893409,0.261010902795
220,2428.34088455,22.6835434321,0.348475127909,0.263053531085
221,2422.82818985,26.050433467,0.349915253444,0.263459075143
222,2416.44554173,23.9941319608,0.350622421807,0.254627963063
223,2425.812524,24.9124367456,0.342278642882,0.265371834432
224,2422.25776293,22.6728581121,0.349308789946,0.266570375293
225,2415.03077366,17.7253748145,0.346775811912,0.2643173704
226,2426.60847645,20.2015974273,0.350958127765,0.255808921241
227,2418.00716528,19.3653658448,0.348951195934,0.256624929734
228,2408.87661022,26.442298268,0.348426530623,0.253635579003
229,2422.55491747,23.2524177015,0.356681798727,0.257320222861
230,2410.19882981,16.9445663725,0.351636670187,0.254607447191
231,2413.30468966,24.0170727344,0.358701692747,0.263115920054
232,2420.19353622,22.6907147141,0.352742964443,0.256733972776
233,2413.03122424,24.6640733373,0.350016774835,0.259324562526
234,2405.6750767,25.3842653772,0.348839531001,0.256264675379
235,2403.19162935,24.5034079806,0.349885695973,0.259672237545
236,2404.78557412,19.3153763886,0.357874766558,0.264716692692
237,2406.95876067,27.3480957085,0.355274365259,0.257175813196
238,2405.44673421,21.9532518714,0.347869034616,0.267029500032
239,2396.60412375,18.4231606598,0.359119597925,0.2553417137
240,2408.0616505,20.1595892259,0.349843446979,0.255761129223
241,2397.56094266,21.5450001195,0.355834421009,0.262922137707
242,2398.94557502,23.2761871939,0.35517495208,0.261489429008
243,2394.91900366,19.7203025038,0.355286249863,0.26443722036
244,2396.22059302,17.4381282865,0.360476654421,0.255106716223
245,2396.82889906,23.6750593223,0.357305437658,0.268582207039
246,2392.55164942,22.0638236488,0.35838821203,0.256951330227
247,2391.9313709,24.6223518967,0.364916206472,0.261191697472
248,2396.84989523,11.0587019445,0.356816625422,0.25838652691
249,2390.14759265,17.6969596736,0.357889754037,0.26014808254
250,2391.54492873,21.626587704,0.355051873185,0.261881125382
251,2392.79233344,23.8877727356,0.352506315339,0.256898996635
252,2390.75912508,19.2243929555,0.359763838746,0.256751629963
253,2382.98244385,22.8231325914,0.361818967803,0.257024804081
254,2373.68080218,18.1899244079,0.36708995644,0.26060198267
255,2377.19933047,21.2418804196,0.354293032859,0.266877216877
256,2374.84950963,25.579703617,0.357840252762,0.261898910752
257,2371.1257325,29.9098938403,0.361253733809,0.262296687787
258,2377.80220744,19.7054234175,0.359035505098,0.264838458079
259,2370.73317982,20.3644366399,0.36066346638,0.261707762794
260,2367.40327134,25.6721812001,0.376596034132,0.26015243994
261,2364.22365917,19.7416354817,0.36189666397,0.26266432166
262,2371.22372335,27.6763248575,0.358840460675,0.258127813764
263,2372.2679003,23.6059052122,0.357896061363,0.257984425006
264,2369.88220292,24.6200731265,0.363428356718,0.262418952957
265,2370.95320876,25.0199897569,0.361253412802,0.260062746719
266,2359.97275983,20.4452663167,0.365854916561,0.264148778992
267,2355.62586108,22.0497496482,0.363204519659,0.262506174863
268,2368.67877195,18.1673053237,0.364619179558,0.262160518241
269,2366.1801006,27.0546479634,0.364120200162,0.258241211293
270,2362.13806607,25.9486989153,0.367808653866,0.267350464399
271,2358.38744955,28.5959853752,0.370134446506,0.257105393248
272,2357.76161001,23.558411742,0.366308741851,0.262425595109
273,2362.41100698,28.5756471496,0.373588163277,0.262978930492
274,2361.45166265,24.0811899106,0.364631864604,0.263359646467
275,2357.00823203,21.940007599,0.360949564618,0.261171816483
276,2346.76696114,20.9653622033,0.372533704533,0.260310462314
277,2346.74982954,20.9328004319,0.368957635483,0.256465242275
278,2347.57450598,24.0854390577,0.368986670623,0.261976067204
279,2348.28624957,13.9631963172,0.368747075946,0.262600438355
280,2340.52604873,23.2431270639,0.372023368814,0.261409352795
281,2343.20232726,18.6017782012,0.36752839393,0.260026021438
282,2335.71122622,22.4106162093,0.368262490834,0.266441867187
283,2343.08603952,21.8760431086,0.368581900816,0.266110148154
284,2341.34571159,22.3916924575,0.364585595109,0.261977925636
285,2339.49104903,23.2662369026,0.367501271276,0.260729791158
286,2345.57842654,17.909680458,0.363858790076,0.26411864135
287,2342.88590783,18.1629255886,0.364852931222,0.256754050171
288,2344.88956187,32.7963155651,0.371706025684,0.261743796156
289,2335.82303083,24.7970675712,0.371716596743,0.26455779885
290,2328.1977996,17.1658186194,0.375968088618,0.265534773917
291,2333.61708605,21.64624979,0.370907293348,0.260404578032
292,2337.59828525,21.0721221624,0.375580549605,0.268010750523
293,2328.20691156,18.3272085302,0.372426281147,0.263013826208
294,2327.57213572,21.912069188,0.373487949352,0.257634566786
295,2333.14166997,27.9122748271,0.372294351556,0.264396944596
296,2335.03061471,18.9621045694,0.367206614864,0.258701183022
297,2337.82748718,20.6062848244,0.378786078875,0.268525622734
298,2319.95512178,24.0123675956,0.36943269842,0.268840909992
299,2311.49264458,21.2451545793,0.380433300242,0.259283246073
300,2318.76310037,17.7794366253,0.373449310832,0.266046518515
301,2320.75205521,29.684143863,0.380493132382,0.264960862653
302,2317.65575999,22.8560602199,0.373073615385,0.261527355306
303,2308.59570361,25.7296538576,0.384481156758,0.263889910471
304,2325.62578007,15.8035454682,0.371280640942,0.265911340867
305,2319.88359598,18.7562925441,0.376329692043,0.266950763922
306,2317.4741128,25.0915510156,0.382564042076,0.264384477227
307,2307.90385997,20.2707304356,0.382846991485,0.26457883342
308,2310.99329967,24.883462434,0.383241861449,0.266821294428
309,2304.78445673,17.8483868951,0.37443717098,0.25894958253
310,2308.5875918,18.9014547174,0.376906765981,0.261361512822
311,2311.8327852,17.8395354362,0.37828234405,0.263045129286
312,2307.64837487,18.2977047932,0.380579432238,0.259901529578
313,2307.46430447,23.3422450177,0.377725224167,0.2644020222
314,2299.47969022,26.5650431444,0.381030722717,0.264506922659
315,2308.24696763,17.708734877,0.376276991746,0.261721201387
316,2302.13535189,15.4636329525,0.380448641236,0.262512216984
317,2308.1953965,17.4803642041,0.376662108493,0.262927898215
318,2301.59868884,16.5748091444,0.378842655408,0.262794566132
319,2300.49700561,21.1643567647,0.384045830043,0.263460141839
320,2296.94549345,22.8790511368,0.384474263192,0.268372662888
321,2300.52644239,23.1124085295,0.380186210651,0.261378406871
322,2297.71163097,22.8240783803,0.380481983642,0.2623965081
323,2296.78444416,30.6501078365,0.383950161862,0.263540252966
324,2293.33560616,17.7292315644,0.388637644435,0.262200741608
325,2286.77885497,23.3431172046,0.388342342082,0.261764185964
326,2291.25911528,21.583695154,0.387427955994,0.275166945607
327,2294.90088694,23.5043599512,0.391525706869,0.260903977749
328,2289.14515846,20.7685653756,0.380165941328,0.263142190336
329,2296.39677068,21.5713799035,0.38429496958,0.263713179769
330,2281.58681441,19.7019499518,0.387399254035,0.269928427963
331,2287.49830398,19.3737633661,0.383866757355,0.261564749234
332,2286.37882495,18.4359158285,0.389286268894,0.260325006405
333,2278.10616817,17.0395051049,0.385573388849,0.262210484318
334,2279.09250954,25.7515498123,0.381974775684,0.264171493655
335,2282.39084238,19.9978000654,0.386760822435,0.26830169147
336,2286.14765538,20.9514669073,0.383583018775,0.264797949709
337,2286.20356194,22.7067633874,0.383305022625,0.265348670136
338,2284.23820743,26.3932489189,0.383119710829,0.268192900421
339,2278.07699467,19.3757181138,0.38730495981,0.261399507949
340,2266.92953241,18.3103271674,0.385516640392,0.264841151992
341,2279.33337836,24.0055483408,0.39019573186,0.265989009971
342,2273.97044083,21.0191960788,0.395230083525,0.265800888766
343,2273.31895522,18.1157692753,0.396621245867,0.267373200353
344,2254.1991102,23.0530122007,0.395743309193,0.264108557125
345,2270.07883339,11.0274391417,0.383310070968,0.262966992596
346,2271.0394362,20.7279327087,0.392340030132,0.265664850463
347,2267.2551174,15.2130650083,0.396844577127,0.264039865051
348,2274.63926555,15.9906462988,0.398327701513,0.264816553287
349,2280.67003741,24.1942937661,0.392871806608,0.264648660293
350,2273.79176431,21.2818165439,0.398246116915,0.26905653398
351,2267.55982006,18.1374162722,0.393227014947,0.268964886979
352,2268.24406854,15.1266521381,0.390474938428,0.262199382969
353,2256.34736211,20.5833763639,0.388392895328,0.262507157422
354,2261.14676108,14.5751365363,0.387008340144,0.259605339454
355,2245.80987364,18.6856043513,0.392382389633,0.268446173958
356,2250.53909713,10.6978886822,0.40005862943,0.265293865731
357,2261.45872296,32.0845649989,0.39284080388,0.272783572344
358,2251.95491862,16.3995241243,0.388370469187,0.263539526415
359,2247.60729918,17.2948095124,0.398728840428,0.266942529793
360,2248.55304142,23.3812317395,0.402006126015,0.269458915894
361,2261.4600829,16.2913066222,0.394789785002,0.267582361881
362,2254.67906255,25.1594363205,0.393603942958,0.263939771924
363,2259.93717622,17.9125876713,0.39260585409,0.267803346343
364,2258.45091654,16.7136987075,0.399716464352,0.268459443028
365,2241.03180212,17.2224013751,0.406162679803,0.269431717746
366,2249.4108266,18.3454678959,0.39715128704,0.266411562177
367,2241.41975861,20.7324007924,0.404385012923,0.267607800564
368,2249.10367189,24.2195567638,0.397993989281,0.270172839701
369,2241.01241132,23.5310185202,0.404045945596,0.26494140446
370,2240.48281437,17.2384473336,0.400046339184,0.263442417957
371,2250.39687403,16.2029081492,0.40512448975,0.265016226291
372,2240.21568357,20.1407592301,0.396666772386,0.263414282257
373,2235.41335623,20.7437303742,0.40811951911,0.267301887674
374,2232.2464032,16.3934503899,0.404962496049,0.269392453464
375,2243.44488653,17.0293105623,0.399205825017,0.271197624382
376,2244.6724072,19.2686556198,0.405721802428,0.274909873902
377,2243.60118005,22.056560953,0.405932709484,0.273609561529
378,2240.45651187,17.6829636961,0.399089163619,0.265316060553
379,2238.37696198,20.7843522924,0.409612825727,0.27574096041
380,2225.99173303,17.5804647353,0.40220884563,0.27023528766
381,2233.23173702,16.1601120214,0.401160580062,0.269705854048
382,2221.43502123,20.8145979962,0.406243672694,0.271995170589
383,2227.96928696,26.0613900228,0.400897426872,0.267419307573
384,2240.34166488,23.3901904033,0.4002051455,0.268043401717
385,2229.62559652,28.2411683484,0.404536709017,0.268200546975
386,2230.04557368,20.7436785801,0.402028758055,0.269851924933
387,2220.77626758,13.8878094049,0.399954279061,0.265771359078
388,2214.894742,19.9190021729,0.416548827655,0.267875396613
389,2219.78480586,22.053389064,0.406416621457,0.271786873125
390,2211.31463645,20.6428590165,0.409347635481,0.270438827982
391,2216.36544678,26.9797927303,0.405596705788,0.270508638402
392,2215.10783215,23.4890460674,0.409006946014,0.268462817512
393,2222.47010959,23.1651845454,0.405890329255,0.271922935125
394,2222.94986965,18.3963696465,0.410462430399,0.27509327954
395,2211.60707914,26.8534095408,0.409201444876,0.270906362832
396,2216.54144225,20.1574742446,0.404580977806,0.266998246758
397,2217.39996744,17.5632405627,0.406609877343,0.274426033523
398,2201.29754234,22.3393007256,0.407245877464,0.272116682122
399,2212.29497502,17.2584894559,0.413765534688,0.27152725984
400,2211.01318157,15.0049483841,0.409931556751,0.273634300104
401,2215.07891561,23.9453448259,0.40784239872,0.269828647175
402,2209.95862022,14.3028107385,0.404384475901,0.269265869085
403,2211.45896055,23.5205229472,0.415560070187,0.271180117961
404,2206.63937751,27.2570145306,0.408772206233,0.274368437752
405,2203.23460558,23.6758135917,0.413573987354,0.269904268149
406,2212.3578098,18.5700838001,0.409427375432,0.27044487225
407,2196.44741658,13.2315196085,0.407295059003,0.270736043003
408,2197.30103076,20.3265589225,0.411768715224,0.267370404555
409,2194.17918038,14.387356482,0.407377298802,0.266859783584
410,2195.26821226,20.1824558554,0.419047234626,0.271847563015
411,2190.96914034,18.9937285631,0.411971384341,0.271769396819
412,2194.62641483,18.7347644069,0.424463385865,0.272063805834
413,2199.39120346,19.4029992695,0.411135881596,0.272886524273
414,2199.56479012,22.3606245338,0.415635319894,0.275626192347
415,2190.01677613,16.2584594975,0.412525519985,0.267310806187
416,2194.44555177,14.6360325248,0.411000617313,0.267684198903
417,2198.87852671,16.9838175706,0.412437218389,0.270285985189
418,2189.53904301,16.6334398421,0.41956870088,0.273715383094
419,2184.21639531,20.1367054892,0.414401338575,0.273566166085
420,2187.05700448,18.9358416171,0.411159439834,0.273221663553
421,2192.19750128,26.0006525246,0.418513086593,0.274142627128
422,2181.63532076,17.0146500439,0.415378028703,0.268457150451
423,2194.15868641,21.9252428256,0.417350930687,0.281463175528
424,2181.63886764,25.0455102489,0.416312475727,0.272452790011
425,2185.62828111,23.53121756,0.411234714185,0.271847253765
426,2182.43632642,22.0946798366,0.417894230618,0.270833953884
427,2174.40525288,14.341404913,0.419721986363,0.271215065961
428,2173.0396556,23.4101269181,0.414879248057,0.27211521756
429,2175.33844033,17.8312068591,0.421097887697,0.276126382914
430,2174.47649601,24.1549354917,0.412584599379,0.269261519535
431,2169.75894087,20.3359174475,0.426173617944,0.272485979923
432,2176.94117051,19.9393658789,0.421459451925,0.270061981694
433,2163.55355012,19.6913628501,0.422261415207,0.274087595743
434,2173.36856733,19.8269083972,0.411749800832,0.268265147649
435,2179.72671157,19.1942145151,0.416037502738,0.270239533718
436,2163.9176402,17.2849054633,0.416875059657,0.272541704858
437,2160.26281041,19.3120980968,0.41523188074,0.275808266287
438,2155.74833609,26.1690109353,0.423596560349,0.272509608694
439,2172.69242104,18.2961936596,0.418538686391,0.274270519956
440,2158.16434112,14.9755651734,0.418887191423,0.273277467996
441,2171.31973844,21.8995585833,0.425520379845,0.269964570024
442,2170.69736247,20.0290064327,0.416291732796,0.270879044581
443,2170.31629121,25.4341801668,0.418760829433,0.273030583681
444,2168.11154231,20.7868061054,0.415681380553,0.269770485541
445,2165.50494502,22.2220215627,0.421639203633,0.26987389193
446,2155.87580112,15.8924837674,0.421291241329,0.275530375804
447,2155.46217847,23.3238095238,0.425608550775,0.273490083156
448,2163.0242543,18.2998875209,0.424149575571,0.271681762426
449,2154.90544646,16.2530108653,0.418962983724,0.273458603823
450,2154.75028978,16.51974303,0.417925558323,0.272144949347
451,2149.78203467,16.9300998265,0.420448543423,0.271188782484
452,2144.9081037,17.258088419,0.421911996711,0.2717536934
453,2154.09403988,14.5379894893,0.419252159504,0.273551054194
454,2153.37751032,22.1259875102,0.426035670893,0.27423227169
455,2152.99517562,14.3551881604,0.427972859173,0.272198693342
456,2154.35504656,21.9043692133,0.423050947935,0.27242050707
457,2159.76726717,15.7819795325,0.427354388693,0.273263173373
458,2147.71613027,19.4787110617,0.424826729535,0.275207011841
459,2153.62111465,21.4160652842,0.425137084413,0.275490184205
460,2148.1214467,11.0248553801,0.421092953517,0.272552596452
461,2140.99020163,16.0668109813,0.428777430921,0.274222823552
462,2147.28239451,17.3655422809,0.423804478913,0.275548967789
463,2140.00064833,21.9701180722,0.424750327123,0.27187802632
464,2155.96562175,27.2813285258,0.432823605228,0.274856344007
465,2149.84784439,20.6745742141,0.425835960542,0.273014415771
466,2142.49777422,19.1840321768,0.428661077394,0.275153787833
467,2142.13182613,21.4273855771,0.431737680261,0.274781218114
468,2141.19179195,25.3320025864,0.42875789751,0.273188168762
469,2136.76275825,21.1024475707,0.425045543241,0.273500849444
470,2134.96876565,22.3687332928,0.424189482675,0.274753027098
471,2143.34586555,25.1133996132,0.43222403174,0.277158843947
472,2143.81154787,25.0240725583,0.425549273876,0.275844744854
473,2145.98909837,23.6836508171,0.427085693264,0.273627463796
474,2146.96126122,25.5185485454,0.427865015852,0.274347639683
475,2132.93419517,19.5789991129,0.428924749739,0.27735989429
476,2140.11118207,18.8192630221,0.438343590693,0.276365055432
477,2130.09961091,20.8399661363,0.428278930785,0.272433293593
478,2124.04946385,16.6371204283,0.43241948469,0.27780790346
479,2138.71147272,18.9447305236,0.432862732528,0.274804982739
480,2126.79370754,13.2056527036,0.43769258936,0.276405812602
481,2122.78716645,21.2743850541,0.42838132881,0.279810203569
482,2126.2121494,13.0768006017,0.434520421024,0.275884367419
483,2117.01417189,25.3570733024,0.435406920064,0.273124981227
484,2117.15533891,22.2399956009,0.444563931483,0.276471840336
485,2118.48678773,22.2932462072,0.440942798242,0.276993058714
486,2121.08476436,25.0690395415,0.42943149094,0.276482415275
487,2114.72331106,20.8263416192,0.429044073541,0.27688811235
488,2119.75179728,16.6891742119,0.432766100243,0.276140872826
489,2111.60307002,18.7510684211,0.432117702517,0.274758662985
490,2112.29227816,17.2003307961,0.436587954222,0.276808431661
491,2118.57375786,13.615531727,0.435304707467,0.274055310257
492,2108.1113493,25.2626547566,0.442802412775,0.277441011247
493,2104.72652515,20.5601266097,0.434577646434,0.277228986209
494,2115.71535797,29.7032877525,0.439523061766,0.276518431271
495,2119.61324036,19.2890994883,0.439663904948,0.274773511193
496,2109.6702618,22.4821723601,0.439989459245,0.279906224312
497,2105.48152056,17.6379742942,0.436478548707,0.277724473658
498,2113.02528055,18.3516608027,0.437144904675,0.276764949255
499,2113.46844919,21.490804035,0.435483368237,0.281798230254
500,2113.37479042,21.2757758942,0.437153993536,0.278390337035
501,2100.53980957,18.8667037586,0.436705195393,0.275321894926
502,2115.48691718,22.4464295626,0.431008044261,0.276553881394
503,2109.83051762,19.4275649377,0.431680519039,0.273178341917
504,2104.9793469,21.0655490832,0.435639523382,0.276195676003
505,2100.99851112,18.3401841524,0.44880743507,0.275334437779
506,2108.17526538,19.3470204165,0.438512994942,0.277550512278
507,2101.44425613,20.196274364,0.445781582287,0.280962342134
508,2101.68811896,22.3623385562,0.44307817766,0.278643544194
509,2108.9785979,24.4089837493,0.436929686082,0.277114675406
510,2102.20091366,13.6506063099,0.447793331583,0.280991703846
511,2097.9931574,19.9280936521,0.435793857306,0.280110204083
512,2099.45078521,17.5038134863,0.441453527701,0.27635936305
513,2089.66046205,21.6818395356,0.439708976201,0.276899751887
514,2088.96095047,15.4215289692,0.440308649638,0.279069262264
515,2094.61137198,20.3190544724,0.454805823577,0.277950649258
516,2092.39217338,21.5057401624,0.440666549118,0.275686879592
517,2085.2886093,19.1766833571,0.443961371308,0.280916523651
518,2092.18302515,23.8747475,0.440549780719,0.278320432571
519,2086.16332071,13.7674259762,0.442836877896,0.279500348462
520,2087.98349666,13.6128032715,0.439846928219,0.281656689743
521,2091.6163301,15.1049603249,0.442302344192,0.281497439958
522,2095.84829564,16.4818533127,0.441954127293,0.282549446307
523,2089.89307277,15.2133333764,0.438989288518,0.276913217677
524,2090.03145769,20.1129456857,0.44215331015,0.278837720655
525,2084.39720453,18.0796755928,0.442615671492,0.27993881361
526,2085.59385695,22.0928028206,0.44443152581,0.279461916932
527,2088.34610462,21.9246959662,0.446671737696,0.280923664589
528,2082.67145311,19.9728051406,0.444036800956,0.278868012763
529,2084.99488452,25.3382079124,0.451957734725,0.287891813963
530,2075.05552476,15.5193835709,0.450423737273,0.279986395337
531,2087.62769899,25.8066217782,0.443714357911,0.278428438098
532,2076.56141921,20.9376608641,0.444294413693,0.281526101055
533,2083.18385748,21.6745654034,0.445826692425,0.281798456364
534,2070.27783325,17.2843757562,0.447606796306,0.281906356831
535,2077.7156168,19.2452632852,0.450684936421,0.283946355625
536,2073.56563109,25.2168622023,0.451327438048,0.280648595299
537,2070.75907562,21.4450109599,0.454039886054,0.280019274731
538,2077.38714373,25.2504965914,0.449128763184,0.284063943261
539,2067.19945364,35.2920902396,0.445466133032,0.280365960125
540,2076.28296763,20.004994975,0.459575741217,0.285377270427
541,2073.39964067,18.0156071665,0.451384418388,0.279869132466
542,2067.15388553,21.1249532948,0.444833317068,0.276921147209
543,2073.17778288,21.7044291094,0.442119799059,0.277964794708
544,2077.20510053,29.4000549904,0.447296570379,0.277610218287
545,2062.88541649,21.7162616005,0.450773574698,0.278752241999
546,2070.4239348,22.4085218599,0.448342710573,0.282578202827
547,2067.33620351,21.8686423024,0.44574787492,0.280506307557
548,2062.21697836,22.6364141214,0.454100010455,0.281411024726
549,2057.13549239,19.7778267065,0.456803328618,0.281669594334
550,2061.00567833,23.7127034167,0.467404898364,0.281979764646
551,2063.6194404,25.1891420629,0.447533534976,0.280026059271
552,2068.94632455,27.4045686389,0.453709860299,0.281829163454
553,2047.40904237,16.8392085184,0.453252537399,0.285779937324
554,2057.56559165,19.0289195596,0.458241805923,0.279943612087
555,2061.15257373,12.7049421076,0.455853805565,0.286074112645
556,2059.81887179,27.5876768935,0.44899518148,0.280865559846
557,2051.00344872,20.7610368366,0.458122786336,0.284985079519
558,2055.09102146,24.7354633944,0.454963616682,0.282540869329
559,2056.79399135,15.192564898,0.447859542032,0.280362221157
560,2048.13288673,21.9359465301,0.458487765658,0.285871728888
561,2048.71050773,25.4384160855,0.455539483666,0.280615896334
562,2050.38626608,16.6498011424,0.456015701932,0.280938399344
563,2052.5861643,17.4799722288,0.449523693621,0.279854255119
564,2047.54884238,19.6677106478,0.470186297072,0.286481867308
565,2051.32230847,16.8442497992,0.454664874435,0.283688971813
566,2045.78963728,16.0888824836,0.467225026405,0.287338332728
567,2048.40226638,18.7881854194,0.456411444356,0.282632961018
568,2043.21961456,20.6104071587,0.453953964021,0.280370018157
569,2044.47889121,17.7334544963,0.459403880476,0.282310516716
570,2050.59803142,15.8575046453,0.461007881641,0.282588555447
571,2039.87585781,21.9856797519,0.466459033857,0.288969015054
572,2048.79889069,24.4656249737,0.460712495776,0.28193507701
573,2048.84465039,24.177847107,0.45860572349,0.285986159968
574,2036.57559347,16.8827513855,0.461485816692,0.283896951505
575,2037.08333239,23.8557840454,0.464226060767,0.28604572524
576,2040.1877994,21.2423486535,0.46113656485,0.284670507659
577,2038.01824603,23.6453979506,0.459614300689,0.284452288282
578,2039.47171253,25.7539898654,0.461957487245,0.284517753495
579,2032.81655136,17.3488009014,0.458217296527,0.289130493205
580,2033.56400101,14.6093077723,0.452001195328,0.281162442126
581,2043.84523476,16.3318717504,0.460093054686,0.288211687532
582,2041.01809737,25.0736895156,0.456192614824,0.279887400091
583,2030.20455987,20.3714442007,0.46486104322,0.285476174439
584,2039.76664555,30.5442498883,0.453598040627,0.286822178742
585,2022.35974752,14.5482696551,0.460337225988,0.281261436589
586,2020.41354019,20.665078422,0.458516888952,0.282159034462
587,2028.52288498,16.1158952557,0.463192394359,0.287458390573
588,2035.59773847,15.0887559188,0.457718087208,0.284821711098
589,2025.39531926,20.1317271114,0.462381885497,0.283746893052
590,2028.92405455,17.2791849177,0.463333026861,0.285126053343
591,2021.57457094,21.2282902425,0.464491068457,0.282398927679
592,2030.22307605,23.5775654952,0.459256340558,0.281305102381
593,2026.39042404,18.2044337466,0.466951486742,0.285814149346
594,2023.84947191,23.8026584264,0.458528279281,0.283296029277
595,2020.33324615,17.3409255608,0.469602831826,0.2861083521
596,2023.87632575,18.4071881201,0.46541315789,0.284763498746
597,2022.64399478,20.3533371083,0.463630364842,0.284759227368
598,2018.72497619,26.628078832,0.463812708056,0.295120822953
599,2015.3985878,18.3001856431,0.466381377956,0.286838576826
600,2010.92665368,22.4168073268,0.46626843512,0.286814849612
601,2022.37145628,22.4955922326,0.465346587779,0.285951310778
602,2014.46136865,21.2422097073,0.46220604147,0.281464851475
603,2008.53998133,19.2801408969,0.463967871356,0.284796106975
604,2018.42069278,22.9954668029,0.464779890288,0.287402092873
605,2003.95499958,16.9240964332,0.466564849436,0.283992720227
606,2016.42054191,22.7900082096,0.467921137887,0.283105270838
607,2016.48664286,26.9839393201,0.464624810836,0.287022044063
608,2010.89223073,30.5567270727,0.476455495285,0.287400816398
609,2009.69686009,21.1041409668,0.469272768919,0.28518723246
610,2006.35748401,18.1143081937,0.468970448873,0.286953081973
611,2004.58893216,25.617355532,0.472788003436,0.286639134311
612,2007.91249288,35.7743177643,0.471958963004,0.286024767641
613,2006.25929823,23.5713475749,0.464247816815,0.284352917778
614,2013.7847217,24.1142703044,0.463014670471,0.28436098834
615,2003.51175054,15.5671066343,0.465199700272,0.284409311943
616,2001.07498652,20.6750417439,0.468390058451,0.285842220629
617,2003.05506522,9.85340121603,0.469302795965,0.287472481933
618,1994.55712274,25.6661190212,0.484811370214,0.292027687405
619,1993.29071815,23.1792880816,0.475044007068,0.286487410189
620,2001.44510312,17.9867762327,0.470773366011,0.286498610598
621,1992.36117213,13.1290768567,0.479681842507,0.295796781464
622,1999.61853516,12.5819705575,0.474460408061,0.283833174576
623,1994.24806679,16.5517198938,0.474908983251,0.286874285793
624,1999.84364807,22.5536808369,0.470299901646,0.28341636786
625,1992.26421502,20.7870217551,0.469558779799,0.286245319505
626,1990.00983665,16.5383828635,0.468491280961,0.288005060619
627,1989.56242063,18.2539368562,0.474414583622,0.285184646119
628,1998.25175611,15.0520063695,0.466754983689,0.285586674189
629,1985.92578331,18.3854276988,0.465435592175,0.284533393939
630,1985.42552021,21.0679613365,0.480058985242,0.286453074655
631,1982.68685719,17.9187533214,0.466655016338,0.284319540252
632,1975.49841994,15.1615169611,0.47173224359,0.285004748477
633,1982.47669297,18.2690622659,0.469265522487,0.28481929799
634,1992.01529309,16.3758967523,0.469711282423,0.28498226431
635,1980.90246722,19.4022673444,0.474289259561,0.290197946183
636,1979.99016453,18.4161819806,0.479114703841,0.288656997376
637,1974.83051652,23.1526392749,0.476330349839,0.287922040627
638,1993.93624308,24.8797103938,0.468892625499,0.287945157862
639,1990.6811702,17.1017618453,0.46618641791,0.287938820117
640,1987.69331799,22.8332283393,0.477145770681,0.291053375068
641,1986.13646807,18.7820247695,0.472550315696,0.286356819409
642,1983.45058955,23.7836887736,0.478198080331,0.290787036578
643,1980.80808941,11.3005072809,0.476332210059,0.287257249351
644,1974.20249157,18.6671939503,0.482525518374,0.289632056503
645,1982.46487502,22.5841487703,0.47685368249,0.288210822154
646,1973.10073491,18.2126432934,0.475968888429,0.288388906825
647,1978.99321184,17.9491974866,0.471882680542,0.288465663035
648,1977.28601594,22.0159499769,0.474525297206,0.288798868728
649,1966.24933382,18.4249521457,0.47284851575,0.286273674122
650,1973.04585814,20.8492229936,0.474188067133,0.282369433695
651,1962.09627063,17.1479440367,0.476342374563,0.288096859189
652,1960.35038319,21.0578663786,0.482613651765,0.289439662142
653,1951.61040529,17.9914225196,0.477858745292,0.282113858208
654,1963.43852175,21.3216893893,0.476920654469,0.289138261425
655,1940.9054185,11.5122241733,0.485805698135,0.287307334463
656,1944.01070363,16.7352136471,0.479488652639,0.286303113617
657,1948.28995641,20.3726762418,0.480198151306,0.28707352813
658,1943.36106438,15.0277087618,0.481276687804,0.286792035238
659,1933.45330668,14.4361958391,0.487288445046,0.287866879261
